{"cameraMode":{"drawMode":0,"name":"Shaded","section":"Shading Mode"},"sceneLighting":true,"audioPlay":false,"sceneViewState":{"showFog":true,"showMaterialUpdate":false,"showSkybox":true,"showFlares":true,"showImageEffects":true,"showParticleSystems":true},"in2DMode":false,"pivot":{"x":6.022325038909912,"y":1.0132484436035157,"z":4.802009582519531},"rotation":{"x":-0.45481860637664797,"y":0.044582776725292209,"z":-0.02280421182513237,"w":-0.8891751170158386},"size":26.065773010253908,"orthographic":false}